{
  "diagnostics": {
    "classes": {
      "engine": {
        "all_identical": false,
        "fraction_near_zero": 0.0,
        "iqr": 0.11328360438346863,
        "maximum": 0.9927703738212585,
        "mean": 0.2585712923825561,
        "median": 0.21024686098098755,
        "median_absolute_deviation": 0.06058201193809509,
        "minimum": 0.034969571977853775,
        "n": 77,
        "n_near_zero": 0,
        "n_unique": 77,
        "name": "engine",
        "near_zero_atol": 0.001,
        "population_std": 0.1983298012461715,
        "q1": 0.14966484904289246,
        "q3": 0.2629484534263611,
        "range_width": 0.9578008018434048
      },
      "hard_dashboard": {
        "all_identical": false,
        "fraction_near_zero": 0.0,
        "iqr": 0.0067834104411304,
        "maximum": 0.021032409742474556,
        "mean": 0.008233332371508533,
        "median": 0.00631862273439765,
        "median_absolute_deviation": 0.0028413101099431515,
        "minimum": 0.0016503171063959599,
        "n": 77,
        "n_near_zero": 0,
        "n_unique": 77,
        "name": "hard_dashboard",
        "near_zero_atol": 0.001,
        "population_std": 0.004981742616149297,
        "q1": 0.004161945078521967,
        "q3": 0.010945355519652367,
        "range_width": 0.019382092636078596
      },
      "old_dashboard": {
        "all_identical": false,
        "fraction_near_zero": 0.012987012987012988,
        "iqr": 0.004459077026695013,
        "maximum": 0.023410571739077568,
        "mean": 0.007175121392885392,
        "median": 0.005552652291953564,
        "median_absolute_deviation": 0.0017398903146386147,
        "minimum": 0.0008810204453766346,
        "n": 77,
        "n_near_zero": 1,
        "n_unique": 77,
        "name": "old_dashboard",
        "near_zero_atol": 0.001,
        "population_std": 0.004745957810162106,
        "q1": 0.004215078894048929,
        "q3": 0.008674155920743942,
        "range_width": 0.022529551293700933
      }
    },
    "n_classes": 3,
    "pairwise": {
      "engine__vs__hard_dashboard": {
        "absolute_median_gap": 0.2039282382465899,
        "class_a": {
          "all_identical": false,
          "fraction_near_zero": 0.0,
          "iqr": 0.11328360438346863,
          "maximum": 0.9927703738212585,
          "mean": 0.2585712923825561,
          "median": 0.21024686098098755,
          "median_absolute_deviation": 0.06058201193809509,
          "minimum": 0.034969571977853775,
          "n": 77,
          "n_near_zero": 0,
          "n_unique": 77,
          "name": "engine",
          "near_zero_atol": 0.001,
          "population_std": 0.1983298012461715,
          "q1": 0.14966484904289246,
          "q3": 0.2629484534263611,
          "range_width": 0.9578008018434048
        },
        "class_b": {
          "all_identical": false,
          "fraction_near_zero": 0.0,
          "iqr": 0.0067834104411304,
          "maximum": 0.021032409742474556,
          "mean": 0.008233332371508533,
          "median": 0.00631862273439765,
          "median_absolute_deviation": 0.0028413101099431515,
          "minimum": 0.0016503171063959599,
          "n": 77,
          "n_near_zero": 0,
          "n_unique": 77,
          "name": "hard_dashboard",
          "near_zero_atol": 0.001,
          "population_std": 0.004981742616149297,
          "q1": 0.004161945078521967,
          "q3": 0.010945355519652367,
          "range_width": 0.019382092636078596
        },
        "fraction_a_inside_b_range": 0.0,
        "fraction_b_inside_a_range": 0.0,
        "intersection": null,
        "ordering": "engine_above_hard_dashboard",
        "overlap_fraction_of_union": 0.0,
        "overlap_width": 0.0,
        "range_gap": 0.013937162235379219,
        "ranges_overlap_or_touch": false,
        "strictly_disjoint_ranges": true,
        "union_width": 0.9911200567148626
      },
      "engine__vs__old_dashboard": {
        "absolute_median_gap": 0.20469420868903399,
        "class_a": {
          "all_identical": false,
          "fraction_near_zero": 0.0,
          "iqr": 0.11328360438346863,
          "maximum": 0.9927703738212585,
          "mean": 0.2585712923825561,
          "median": 0.21024686098098755,
          "median_absolute_deviation": 0.06058201193809509,
          "minimum": 0.034969571977853775,
          "n": 77,
          "n_near_zero": 0,
          "n_unique": 77,
          "name": "engine",
          "near_zero_atol": 0.001,
          "population_std": 0.1983298012461715,
          "q1": 0.14966484904289246,
          "q3": 0.2629484534263611,
          "range_width": 0.9578008018434048
        },
        "class_b": {
          "all_identical": false,
          "fraction_near_zero": 0.012987012987012988,
          "iqr": 0.004459077026695013,
          "maximum": 0.023410571739077568,
          "mean": 0.007175121392885392,
          "median": 0.005552652291953564,
          "median_absolute_deviation": 0.0017398903146386147,
          "minimum": 0.0008810204453766346,
          "n": 77,
          "n_near_zero": 1,
          "n_unique": 77,
          "name": "old_dashboard",
          "near_zero_atol": 0.001,
          "population_std": 0.004745957810162106,
          "q1": 0.004215078894048929,
          "q3": 0.008674155920743942,
          "range_width": 0.022529551293700933
        },
        "fraction_a_inside_b_range": 0.0,
        "fraction_b_inside_a_range": 0.0,
        "intersection": null,
        "ordering": "engine_above_old_dashboard",
        "overlap_fraction_of_union": 0.0,
        "overlap_width": 0.0,
        "range_gap": 0.011559000238776207,
        "ranges_overlap_or_touch": false,
        "strictly_disjoint_ranges": true,
        "union_width": 0.9918893533758819
      },
      "hard_dashboard__vs__old_dashboard": {
        "absolute_median_gap": 0.0007659704424440861,
        "class_a": {
          "all_identical": false,
          "fraction_near_zero": 0.0,
          "iqr": 0.0067834104411304,
          "maximum": 0.021032409742474556,
          "mean": 0.008233332371508533,
          "median": 0.00631862273439765,
          "median_absolute_deviation": 0.0028413101099431515,
          "minimum": 0.0016503171063959599,
          "n": 77,
          "n_near_zero": 0,
          "n_unique": 77,
          "name": "hard_dashboard",
          "near_zero_atol": 0.001,
          "population_std": 0.004981742616149297,
          "q1": 0.004161945078521967,
          "q3": 0.010945355519652367,
          "range_width": 0.019382092636078596
        },
        "class_b": {
          "all_identical": false,
          "fraction_near_zero": 0.012987012987012988,
          "iqr": 0.004459077026695013,
          "maximum": 0.023410571739077568,
          "mean": 0.007175121392885392,
          "median": 0.005552652291953564,
          "median_absolute_deviation": 0.0017398903146386147,
          "minimum": 0.0008810204453766346,
          "n": 77,
          "n_near_zero": 1,
          "n_unique": 77,
          "name": "old_dashboard",
          "near_zero_atol": 0.001,
          "population_std": 0.004745957810162106,
          "q1": 0.004215078894048929,
          "q3": 0.008674155920743942,
          "range_width": 0.022529551293700933
        },
        "fraction_a_inside_b_range": 1.0,
        "fraction_b_inside_a_range": 0.948051948051948,
        "intersection": [
          0.0016503171063959599,
          0.021032409742474556
        ],
        "ordering": "overlap",
        "overlap_fraction_of_union": 0.8602964339328703,
        "overlap_width": 0.019382092636078596,
        "range_gap": 0.0,
        "ranges_overlap_or_touch": true,
        "strictly_disjoint_ranges": false,
        "union_width": 0.022529551293700933
      }
    }
  },
  "mechanism_finding": {
    "arithmetic_answer_type_is_sole_explanation": false,
    "engine_hard_ranges_disjoint": true,
    "engine_old_ranges_disjoint": true,
    "hard_dashboard_compressed_tiny_band": true,